Title,URL
"How to Create QR Code Generator in Python | Python Project Complete Tutorial","https://www.youtube.com/watch?v=FOGRHBp6lvM"
"Check Validate E-Mail Address in Python | Python Validate E-Mail Project","https://www.youtube.com/watch?v=Bj_w65WF80w"
"Check Validate E-Mail Address in Python Using Regex | Python Validate Email","https://www.youtube.com/watch?v=24nmbI9N96A"
"How to make a Simplest Instagram Bot Python | Instagram Automation Python Project","https://www.youtube.com/watch?v=jlgD-Ii070g"
"What is JARVIS in Python and How to Make It | Voice Assistant using Python | Python JARAVIS Tutorial","https://www.youtube.com/watch?v=N-iO1tDmP1A"
"How to Send Multiple Emails using Python | Python Email Tutorial for Beginners","https://www.youtube.com/watch?v=WTpGjPELHxo"
"Typing Speed Test Python Project | Typing Speed Game Tutorial for Beginners","https://www.youtube.com/watch?v=IQgR1_OTFek"
"How to make Google Translator Using Python - Python Language Translation","https://www.youtube.com/watch?v=Ja-iwqAFnMw"
"Make Handwritten Assignments - Convert Text to Handwriting Using Python","https://www.youtube.com/watch?v=4Y7_c6vOnNw"
"Learn to Make a Digital Clock in Python (10 Lines of Code) | Digital clock | Python Project","https://www.youtube.com/watch?v=RQi4FmBvN_k"
"How to Automate Skype Text Messaging using Python - Skype Automation Python              Project","https://www.youtube.com/watch?v=JM3Vlbm0Klc"
"How to do internet speed test using python : Python Internet Speed Project","https://www.youtube.com/watch?v=QdFOoagnBP4"
"How to Build A Website Blocker With Python | Website Blocker Python Project","https://www.youtube.com/watch?v=htftppOuB_U"
"Learn 2 Lines of Code for Python Program to Shutdown and Restart Laptop/Computer","https://www.youtube.com/watch?v=1wH0m8-Mkn4"
"How to Create Take a Break Desktop Notification System in Python | Python Project","https://www.youtube.com/watch?v=K0_-f2Qp_HI"
"Automate WhatsApp Message Using Python | Python Project for Beginners","https://www.youtube.com/watch?v=LUdYPFCrLDo"
"Learn to Convert .py to .exe | Python Tutorials For Absolute Beginners In Hindi","https://www.youtube.com/watch?v=bxuF8ucU_jY"
"What is the Difference between Static and Dynamic Website ? Complete Guide","https://www.youtube.com/watch?v=mbObLvXyv0E"
"How to Convert Python Code into an Android .apk file | Kivymd, Buildozer Tutorial","https://www.youtube.com/watch?v=QQEvL_pElOg"
"How to Create Screen Recorder using Python | Screen Recorder in Python Project","https://www.youtube.com/watch?v=GRXrUuGAegE"
"How to Run Python on Android Phone | Python for Beginners in Hindi","https://www.youtube.com/watch?v=4TWtdIs2d2E"
"Learn to Convert Video to Audio Using Python | MP4 to MP3 | Python Tutorial","https://www.youtube.com/watch?v=N0c2rYm-92w"
"How to create, activate, and deactivate python Virtual Environment and Requirements txt","https://www.youtube.com/watch?v=oE0d8Dvj8d8"
"Python Virtual Environment & Requirements.txt: How to Create, Activate, and Delete? - Full Guide","https://www.youtube.com/watch?v=59r6yK2zw7M"
"Face Recognition Python Project | Face Detection Using OpenCV Python - Complete Tutorial","https://www.youtube.com/watch?v=JZZr0PjZsIk"
"Screenshot using Python Codes | Python Project🔥","https://www.youtube.com/watch?v=QaC9PUMbjF4"
"Weather App Tutorial: Build Own Weather App Using Python in 40 Minutes | Python Project 🐍","https://www.youtube.com/watch?v=G-FBEDM7b3Y"
"Python File Manager 📁- How to Create File Manager App using Python Codes","https://www.youtube.com/watch?v=cEfgjU5Zlu0"
"How to Convert Image into ASCII Art using Python🐍","https://www.youtube.com/watch?v=Uq-2QUfYnNk"
"Convert Video To GIF using Python Codes | Python Project","https://www.youtube.com/watch?v=Ag9uwoT8SxY"
"How to Create Split Screen Video using Python Codes 👩‍💻","https://www.youtube.com/watch?v=WGEV8-ODYS8"
"How to Add Watermark (Text) Over Your Video using Python Codes 😮🔥","https://www.youtube.com/watch?v=KNUcpLBd5Wg"
"How to Extract Audio from Video using Python🐍 | Python Advanced Project","https://www.youtube.com/watch?v=j3ePAUFaz2Y"
"Python Video Editing Automation: How to Merge Many Videos using Python - Complete Project","https://www.youtube.com/watch?v=d5okdXI7ses"
"Build a Snake Game🐍 with Python and Pygame | Python Advanced Project","https://www.youtube.com/watch?v=KLtCOpnHZ2Y"
"How to Take Screenshots from Video using Python Codes👩‍💻 | Python Project","https://www.youtube.com/watch?v=UbAuh3fftFA"
"How to Rotate PDF Files using Python | Python Mini Project😮","https://www.youtube.com/watch?v=dTZgwIOYjEI"
"Password Protected PDF Using Python | Encrypt Your PDF - Complete Tutorial","https://www.youtube.com/watch?v=lo21dCAzmZ8"
"Build Hangman Game Using Python 🐍 | Python Advanced Projects","https://www.youtube.com/watch?v=SOa9lUIcIZc"
"How to Split a PDF File into Single Files using Python - Complete Tutorial 🔥 | Python Project","https://www.youtube.com/watch?v=kSlz2PP8Ibo"
"Build Your Desktop Notifier to Display Stock Market Data using python 🐍","https://www.youtube.com/watch?v=lslXD_VU_Do"
"How to Merge (concatenate) PDF from Several PDFs using python | Python Advanced Project","https://www.youtube.com/watch?v=VeW6Y8EOQHw"
"Free PDF Editor: Reverse, Copy & Delete PDF Pages using Python 🔥 Super Trick","https://www.youtube.com/watch?v=GR104WR8SGI"
"Regular Expression (RegEX) in Python - Complete Tutorial","https://www.youtube.com/watch?v=malymrdZ350"
"How to Extract Images from PDF Using Python  - Complete Python Project","https://www.youtube.com/watch?v=vsYi1uhUAL0"
"How to Add Watermarks/Overlays on PDF Using Python Codes 🐍","https://www.youtube.com/watch?v=EuNTKQU9P4w"
"Convert PDF to Image using Python Codes 👩‍💻 | Python Advanced Project","https://www.youtube.com/watch?v=sGmjb6UJdpU"
"Convert PDF to Word & Word to PDF using Python🐍 | Python Project","https://www.youtube.com/watch?v=fJ-dzdlejyc"
"Create Dice Roll 🎲 Simulation Using Python - Tkinter GUI Python Project 🔥","https://www.youtube.com/watch?v=CIm5vfsfgO0"