Title,URL,HackerRank,LeetCode,CodeChef
1. Introduction to Algorithms,https://www.youtube.com/watch?v=0IAPZzGSbME,"https://www.hackerrank.com/challenges/simple-array-sum/problem
https://www.hackerrank.com/challenges/a-very-big-sum/problem
https://www.hackerrank.com/challenges/plus-minus/problem","https://leetcode.com/problems/two-sum/
https://leetcode.com/problems/best-time-to-buy-and-sell-stock/
https://leetcode.com/problems/move-zeroes/
https://leetcode.com/problems/contains-duplicate/","https://www.codechef.com/problems/START01
https://www.codechef.com/problems/FLOW001
https://www.codechef.com/problems/FLOW006"
1.1 Priori Analysis and Posteriori Testing,https://www.youtube.com/watch?v=-JTq1BFBwmo,"https://www.hackerrank.com/challenges/30-running-time-and-complexity/problem
https://www.hackerrank.com/challenges/simple-array-sum/problem
https://www.hackerrank.com/challenges/a-very-big-sum/problem","https://leetcode.com/problems/two-sum/
https://leetcode.com/problems/best-time-to-buy-and-sell-stock/
https://leetcode.com/problems/contains-duplicate/
https://leetcode.com/problems/valid-anagram/
https://leetcode.com/problems/number-of-good-pairs/","https://www.codechef.com/practice/course/basic-programming-concepts/DIFF500/problems/COMPLEXITY
https://www.codechef.com/learn/course/time-complexity"
1.2 Characteristics of Algorithm,https://www.youtube.com/watch?v=FbYzBWdhMb0,"https://www.hackerrank.com/challenges/simple-array-sum/problem
https://www.hackerrank.com/challenges/a-very-big-sum/problem
https://www.hackerrank.com/challenges/plus-minus/problem
https://www.hackerrank.com/challenges/sparse-arrays/problem","https://leetcode.com/problems/two-sum/
https://leetcode.com/problems/contains-duplicate/
https://leetcode.com/problems/valid-anagram/
https://leetcode.com/problems/move-zeroes/
https://leetcode.com/problems/majority-element/","https://www.codechef.com/problems/START01
https://www.codechef.com/problems/FLOW001
https://www.codechef.com/problems/FLOW006
https://www.codechef.com/problems/FLOW004"
1.3 How Write and Analyze Algorithm,https://www.youtube.com/watch?v=xGYsEqe9Vl0,"https://www.hackerrank.com/challenges/simple-array-sum/problem
https://www.hackerrank.com/challenges/a-very-big-sum/problem
https://www.hackerrank.com/challenges/diagonal-difference/problem
https://www.hackerrank.com/challenges/plus-minus/problem
https://www.hackerrank.com/challenges/sparse-arrays/problem","https://leetcode.com/problems/two-sum/
https://leetcode.com/problems/best-time-to-buy-and-sell-stock/
https://leetcode.com/problems/contains-duplicate/
https://leetcode.com/problems/valid-anagram/
https://leetcode.com/problems/majority-element/
https://leetcode.com/problems/move-zeroes/
https://leetcode.com/problems/product-of-array-except-self/","https://www.codechef.com/problems/START01
https://www.codechef.com/problems/FLOW001
https://www.codechef.com/problems/FLOW006
https://www.codechef.com/problems/FLOW004
https://www.codechef.com/problems/FLOW007"
1.4 Frequency Count Method,https://www.youtube.com/watch?v=1U3Uwct45IY,"https://www.hackerrank.com/challenges/sparse-arrays/problem
https://www.hackerrank.com/challenges/one-week-preparation-kit-countingsort1/problem
https://www.hackerrank.com/challenges/migratory-birds/problem
https://www.hackerrank.com/challenges/sock-merchant/problem","https://leetcode.com/problems/contains-duplicate/
https://leetcode.com/problems/valid-anagram/
https://leetcode.com/problems/majority-element/
https://leetcode.com/problems/first-unique-character-in-a-string/
https://leetcode.com/problems/ransom-note/
https://leetcode.com/problems/unique-number-of-occurrences/
https://leetcode.com/problems/number-of-good-pairs/
https://leetcode.com/problems/how-many-numbers-are-smaller-than-the-current-number/
https://leetcode.com/problems/top-k-frequent-elements/
https://leetcode.com/problems/sort-characters-by-frequency/
https://leetcode.com/problems/top-k-frequent-words/","https://www.codechef.com/practice/arrays
https://www.codechef.com/practice-old/tags/algorithms"
1.5.1 Time Complexity #1,https://www.youtube.com/watch?v=9TlHvipP5yA,https://www.hackerrank.com/challenges/30-running-time-and-complexity/problem,"https://leetcode.com/problems/two-sum/
https://leetcode.com/problems/best-time-to-buy-and-sell-stock/
https://leetcode.com/problems/contains-duplicate/
https://leetcode.com/problems/valid-anagram/
https://leetcode.com/problems/move-zeroes/
https://leetcode.com/problems/number-of-good-pairs/","https://www.codechef.com/practice/course/basic-programming-concepts/DIFF500/problems/COMPLEXITY
https://www.codechef.com/learn/course/time-complexity"
1.5.2 Time Complexity Example #2,https://www.youtube.com/watch?v=9SgLBjXqwd4,"https://www.hackerrank.com/challenges/30-running-time-and-complexity/problem
https://www.hackerrank.com/challenges/one-week-preparation-kit-countingsort1/problem
https://www.hackerrank.com/challenges/sparse-arrays/problem","https://leetcode.com/problems/two-sum/
https://leetcode.com/problems/best-time-to-buy-and-sell-stock/
https://leetcode.com/problems/contains-duplicate/
https://leetcode.com/problems/valid-anagram/
https://leetcode.com/problems/number-of-good-pairs/
https://leetcode.com/problems/top-k-frequent-elements/","https://www.codechef.com/practice/course/basic-programming-concepts/DIFF500/problems/COMPLEXITY
https://www.codechef.com/learn/course/time-complexity"
1.5.3 Time Complexity of While and if #3,https://www.youtube.com/watch?v=p1EnSvS3urU,"https://www.hackerrank.com/challenges/30-running-time-and-complexity/problem
https://www.hackerrank.com/challenges/data-structures-quiz-2/problem","https://leetcode.com/problems/binary-search/
https://leetcode.com/problems/sqrtx/
https://leetcode.com/problems/search-insert-position/
https://leetcode.com/problems/valid-perfect-square/
https://leetcode.com/problems/power-of-two/
https://leetcode.com/problems/power-of-three/","https://www.codechef.com/learn/course/time-complexity
https://www.codechef.com/practice/course/basic-programming-concepts/DIFF500/problems/COMPLEXITY"
1.6 Classes of functions,https://www.youtube.com/watch?v=w7t4_JUUTeg,"https://www.hackerrank.com/challenges/30-running-time-and-complexity/problem
https://www.hackerrank.com/challenges/one-week-preparation-kit-countingsort1/problem
https://www.hackerrank.com/challenges/sparse-arrays/problem","https://leetcode.com/problems/binary-search/
https://leetcode.com/problems/two-sum/
https://leetcode.com/problems/contains-duplicate/
https://leetcode.com/problems/valid-anagram/
https://leetcode.com/problems/best-time-to-buy-and-sell-stock/
https://leetcode.com/problems/top-k-frequent-elements/","https://www.codechef.com/learn/course/time-complexity
https://www.codechef.com/practice/course/basic-programming-concepts/DIFF500/problems/COMPLEXITY"
1.7 Compare Class of Functions,https://www.youtube.com/watch?v=5v-tKX2uRAk,"https://www.hackerrank.com/challenges/30-running-time-and-complexity/problem
https://www.hackerrank.com/challenges/one-week-preparation-kit-countingsort1/problem
https://www.hackerrank.com/challenges/sparse-arrays/problem","https://leetcode.com/problems/two-sum/
https://leetcode.com/problems/contains-duplicate/
https://leetcode.com/problems/valid-anagram/
https://leetcode.com/problems/number-of-good-pairs/
https://leetcode.com/problems/binary-search/
https://leetcode.com/problems/top-k-frequent-elements/","https://www.codechef.com/learn/course/time-complexity
https://www.codechef.com/practice/course/basic-programming-concepts/DIFF500/problems/COMPLEXITY"
1.8.1 Asymptotic Notations Big Oh - Omega - Theta #1,https://www.youtube.com/watch?v=A03oI0znAoc,https://www.hackerrank.com/challenges/30-running-time-and-complexity/problem,"https://leetcode.com/problems/binary-search/
https://leetcode.com/problems/best-time-to-buy-and-sell-stock/
https://leetcode.com/problems/contains-duplicate/
https://leetcode.com/problems/two-sum/","https://www.codechef.com/practice/course/basic-programming-concepts/DIFF500/problems/COMPLEXITY
https://www.codechef.com/learn/course/time-complexity"
1.8.2 Asymptotic Notations - Big Oh - Omega - Theta #2,https://www.youtube.com/watch?v=Nd0XDY-jVHs,https://www.hackerrank.com/challenges/30-running-time-and-complexity/problem,"https://leetcode.com/problems/binary-search/
https://leetcode.com/problems/two-sum/
https://leetcode.com/problems/majority-element/
https://leetcode.com/problems/maximum-subarray/","https://www.codechef.com/practice/course/basic-programming-concepts/DIFF500/problems/COMPLEXITY
https://www.codechef.com/learn/course/time-complexity"
1.9 Properties of Asymptotic Notations,https://www.youtube.com/watch?v=NI4OKSvGAgM,https://www.hackerrank.com/challenges/30-running-time-and-complexity/problem,"https://leetcode.com/problems/two-sum/
https://leetcode.com/problems/contains-duplicate/
https://leetcode.com/problems/valid-anagram/
https://leetcode.com/problems/binary-search/
https://leetcode.com/problems/maximum-subarray/","https://www.codechef.com/practice/course/basic-programming-concepts/DIFF500/problems/COMPLEXITY
https://www.codechef.com/learn/course/time-complexity"
1.10.1 Comparison of Functions #1,https://www.youtube.com/watch?v=mwN18xfwNhk,"https://www.hackerrank.com/challenges/30-running-time-and-complexity/problem
https://www.hackerrank.com/challenges/countingsort1/problem","https://leetcode.com/problems/two-sum/
https://leetcode.com/problems/contains-duplicate/
https://leetcode.com/problems/binary-search/
https://leetcode.com/problems/sort-an-array/
https://leetcode.com/problems/maximum-subarray/","https://www.codechef.com/practice/course/basic-programming-concepts/DIFF500/problems/COMPLEXITY
https://www.codechef.com/learn/course/college-design-analysis-algorithms"
1.10.2 Comparison of Functions #2,https://www.youtube.com/watch?v=WlBBTSL0ZRc,"https://www.hackerrank.com/challenges/30-running-time-and-complexity/problem
https://www.hackerrank.com/challenges/countingsort1/problem
https://www.hackerrank.com/challenges/ctci-merge-sort/problem","https://leetcode.com/problems/binary-search/
https://leetcode.com/problems/two-sum/
https://leetcode.com/problems/contains-duplicate/
https://leetcode.com/problems/sort-an-array/
https://leetcode.com/problems/maximum-subarray/
https://leetcode.com/problems/top-k-frequent-elements/","https://www.codechef.com/practice/course/basic-programming-concepts/DIFF500/problems/COMPLEXITY
https://www.codechef.com/learn/course/college-design-analysis-algorithms"
1.11 Best Worst and Average Case Analysis,https://www.youtube.com/watch?v=lj3E24nnPjI,"https://www.hackerrank.com/challenges/30-running-time-and-complexity/problem
https://www.hackerrank.com/challenges/tutorial-intro/problem
https://www.hackerrank.com/challenges/quicksort1/problem
https://www.hackerrank.com/challenges/insertionsort1/problem","https://leetcode.com/problems/search-a-2d-matrix-ii/
https://leetcode.com/problems/binary-search/
https://leetcode.com/problems/find-minimum-in-rotated-sorted-array/
https://leetcode.com/problems/search-in-rotated-sorted-array/
https://leetcode.com/problems/two-sum/
https://leetcode.com/problems/best-time-to-buy-and-sell-stock/
https://leetcode.com/problems/sort-an-array/","https://www.codechef.com/practice/course/basic-programming-concepts/DIFF500/problems/COMPLEXITY
https://www.codechef.com/learn/course/time-complexity"
1.12 Disjoint Sets Data Structure - Weighted Union and Collapsing Find,https://www.youtube.com/watch?v=wU6udHRIkcc,"https://www.hackerrank.com/challenges/merging-communities/problem
https://www.hackerrank.com/challenges/components-in-graph/problem","https://leetcode.com/problems/redundant-connection/
https://leetcode.com/problems/redundant-connection-ii/
https://leetcode.com/problems/number-of-provinces/
https://leetcode.com/problems/accounts-merge/
https://leetcode.com/problems/number-of-operations-to-make-network-connected/
https://leetcode.com/problems/satisfiability-of-equality-equations/
https://leetcode.com/problems/most-stones-removed-with-same-row-or-column/
https://leetcode.com/problems/remove-max-number-of-edges-to-keep-graph-fully-traversable/
https://leetcode.com/problems/min-cost-to-connect-all-points/
https://leetcode.com/problems/regions-cut-by-slashes/","https://www.codechef.com/learn/course/dsu
https://discuss.codechef.com/t/dsu05-editorial/120224
https://discuss.codechef.com/t/disjointsetunion/70303
https://www.codechef.com/problems/CYCLIC"
2 Divide And Conquer,https://www.youtube.com/watch?v=2Rr2tW9zvRg,"https://www.hackerrank.com/challenges/quicksort1/problem
https://www.hackerrank.com/challenges/366/problem
https://www.hackerrank.com/challenges/quicksort3/problem
https://www.hackerrank.com/challenges/quicksort4/problem
https://www.hackerrank.com/challenges/ctci-merge-sort/problem","https://leetcode.com/problems/maximum-subarray/
https://leetcode.com/problems/kth-largest-element-in-an-array/
https://leetcode.com/problems/sort-an-array/
https://leetcode.com/problems/merge-k-sorted-lists/
https://leetcode.com/problems/majority-element/
https://leetcode.com/problems/reverse-pairs/
https://leetcode.com/problems/count-of-smaller-numbers-after-self/",https://www.codechef.com/learn/course/college-design-analysis-algorithms
2.1.1 Recurrence Relation (T(n)= T(n-1) + 1) #1,https://www.youtube.com/watch?v=4V30R3I1vLI,"https://www.hackerrank.com/challenges/30-recursion/problem
https://www.hackerrank.com/challenges/recursion-in-c/problem
https://www.hackerrank.com/challenges/recursive-digit-sum/problem","https://leetcode.com/problems/fibonacci-number/
https://leetcode.com/problems/climbing-stairs/
https://leetcode.com/problems/power-of-two/
https://leetcode.com/problems/factorial-trailing-zeroes/","https://www.codechef.com/learn/recursion
https://www.codechef.com/learn/course/college-design-analysis-algorithms"
2.1.2 Recurrence Relation (T(n)= T(n-1) + n) #2,https://www.youtube.com/watch?v=IawM82BQ4II,"https://www.hackerrank.com/challenges/30-recursion/problem
https://www.hackerrank.com/challenges/recursion-in-c/problem
https://www.hackerrank.com/challenges/the-power-sum/problem","https://leetcode.com/problems/climbing-stairs/
https://leetcode.com/problems/fibonacci-number/
https://leetcode.com/problems/powx-n/
https://leetcode.com/problems/k-th-symbol-in-grammar/","https://www.codechef.com/learn/recursion
https://www.codechef.com/learn/course/college-design-analysis-algorithms"
2.1.3 Recurrence Relation (T(n)= T(n-1) + log n) #3,https://www.youtube.com/watch?v=MhT7XmxhaCE,"https://www.hackerrank.com/challenges/recursion-in-c/problem
https://www.hackerrank.com/challenges/30-recursion/problem
https://www.hackerrank.com/challenges/the-power-sum/problem
https://www.hackerrank.com/challenges/recursive-digit-sum/problem","https://leetcode.com/problems/fibonacci-number/
https://leetcode.com/problems/climbing-stairs/
https://leetcode.com/problems/powx-n/
https://leetcode.com/problems/k-th-symbol-in-grammar/
https://leetcode.com/problems/different-ways-to-add-parentheses/","https://www.codechef.com/problems/FCTRL2
https://www.codechef.com/learn/recursion"
2.1.4 Recurrence Relation T(n)=2 T(n-1)+1  #4,https://www.youtube.com/watch?v=JvcqtZk2mng,"https://www.hackerrank.com/challenges/30-recursion/problem
https://www.hackerrank.com/challenges/recursion-in-c/problem
https://www.hackerrank.com/challenges/the-power-sum/problem","https://leetcode.com/problems/fibonacci-number/
https://leetcode.com/problems/climbing-stairs/
https://leetcode.com/problems/k-th-symbol-in-grammar/
https://leetcode.com/problems/powx-n/
https://leetcode.com/problems/pascals-triangle/
https://leetcode.com/problems/different-ways-to-add-parentheses/","https://www.codechef.com/learn/recursion
https://www.codechef.com/problems/COINS"
2.2 Masters Theorem Decreasing Function,https://www.youtube.com/watch?v=CyknhZbfMqc,"https://www.hackerrank.com/challenges/30-recursion/problem
https://www.hackerrank.com/challenges/recursion-in-c/problem
https://www.hackerrank.com/challenges/recursive-digit-sum/problem","https://leetcode.com/problems/fibonacci-number/
https://leetcode.com/problems/climbing-stairs/
https://leetcode.com/problems/k-th-symbol-in-grammar/
https://leetcode.com/problems/powx-n/","https://www.codechef.com/learn/recursion
https://www.codechef.com/problems/COINS"
2.3.1 Recurrence Relation Dividing Function T(n)=T(n/2)+1 #1,https://www.youtube.com/watch?v=8gt0D0IqU5w,"https://www.hackerrank.com/challenges/icecream-parlor/problem
https://www.hackerrank.com/challenges/tutorial-intro/problem","https://leetcode.com/problems/binary-search/
https://leetcode.com/problems/search-insert-position/
https://leetcode.com/problems/guess-number-higher-or-lower/
https://leetcode.com/problems/sqrtx/
https://leetcode.com/problems/valid-perfect-square/
https://leetcode.com/problems/find-minimum-in-rotated-sorted-array/","https://www.codechef.com/practice/course/binary-search
https://www.codechef.com/practice-old/topics/data-structures"
2.3.2 Recurrence Relation Dividing [ T(n)=T(n/2)+ n].   #2,https://www.youtube.com/watch?v=XcZw01FuH18,"https://www.hackerrank.com/challenges/ctci-merge-sort/problem
https://www.hackerrank.com/challenges/quicksort1/problem
https://www.hackerrank.com/challenges/quicksort2/problem","https://leetcode.com/problems/maximum-subarray/
https://leetcode.com/problems/sort-an-array/
https://leetcode.com/problems/kth-largest-element-in-an-array/
https://leetcode.com/problems/powx-n/
https://leetcode.com/problems/binary-search/",https://www.codechef.com/learn/course/college-design-analysis-algorithms
2.3.3 Recurrence Relation [ T(n)= 2T(n/2) +n]  #3,https://www.youtube.com/watch?v=1K9ebQJosvo,"https://www.hackerrank.com/challenges/ctci-merge-sort/problem
https://www.hackerrank.com/challenges/quicksort1/problem
https://www.hackerrank.com/challenges/quicksort2/problem
https://www.hackerrank.com/challenges/quicksort4/problem","https://leetcode.com/problems/maximum-subarray/
https://leetcode.com/problems/sort-an-array/
https://leetcode.com/problems/merge-k-sorted-lists/
https://leetcode.com/problems/kth-largest-element-in-an-array/
https://leetcode.com/problems/different-ways-to-add-parentheses/","https://www.codechef.com/learn/course/college-design-analysis-algorithms
https://www.codechef.com/practice/course/binary-search"
2.4.1 Masters Theorem in Algorithms for Dividing Function #1,https://www.youtube.com/watch?v=OynWkEj0S-s,"https://www.hackerrank.com/challenges/ctci-merge-sort/problem
https://www.hackerrank.com/challenges/quicksort1/problem
https://www.hackerrank.com/challenges/quicksort2/problem
https://www.hackerrank.com/challenges/quicksort4/problem","https://leetcode.com/problems/binary-search/
https://leetcode.com/problems/maximum-subarray/
https://leetcode.com/problems/sort-an-array/
https://leetcode.com/problems/kth-largest-element-in-an-array/
https://leetcode.com/problems/merge-k-sorted-lists/","https://www.codechef.com/learn/course/college-design-analysis-algorithms
https://www.codechef.com/practice/course/binary-search"
2.4.2 Examples for Master Theorem #2,https://www.youtube.com/watch?v=kGcO-nAm9Vc,"https://www.hackerrank.com/challenges/ctci-merge-sort/problem
https://www.hackerrank.com/challenges/quicksort1/problem
https://www.hackerrank.com/challenges/quicksort2/problem
https://www.hackerrank.com/challenges/quicksort4/problem","https://leetcode.com/problems/binary-search/
https://leetcode.com/problems/maximum-subarray/
https://leetcode.com/problems/sort-an-array/
https://leetcode.com/problems/kth-largest-element-in-an-array/
https://leetcode.com/problems/merge-k-sorted-lists/
https://leetcode.com/problems/powx-n/","https://www.codechef.com/learn/course/college-design-analysis-algorithms
https://www.codechef.com/practice/course/binary-search"
2.5 Root function (Recurrence Relation),https://www.youtube.com/watch?v=9rVuyjxzwgM,"https://www.hackerrank.com/challenges/recursion-in-c/problem
https://www.hackerrank.com/challenges/30-recursion/problem
https://www.hackerrank.com/challenges/the-power-sum/problem","https://leetcode.com/problems/sqrtx/
https://leetcode.com/problems/valid-perfect-square/
https://leetcode.com/problems/powx-n/
https://leetcode.com/problems/fibonacci-number/
https://leetcode.com/problems/k-th-symbol-in-grammar/","https://www.codechef.com/learn/recursion
https://www.codechef.com/problems/FCTRL2
https://www.codechef.com/problems/COINS"
2.6.1 Binary Search Iterative Method,https://www.youtube.com/watch?v=C2apEw9pgtw,"https://www.hackerrank.com/challenges/tutorial-intro/problem
https://www.hackerrank.com/challenges/icecream-parlor/problem
https://www.hackerrank.com/challenges/minimum-loss/problem
https://www.hackerrank.com/challenges/triple-sum/problem","https://leetcode.com/problems/binary-search/
https://leetcode.com/problems/search-insert-position/
https://leetcode.com/problems/guess-number-higher-or-lower/
https://leetcode.com/problems/first-bad-version/
https://leetcode.com/problems/find-first-and-last-position-of-element-in-sorted-array/
https://leetcode.com/problems/search-in-rotated-sorted-array/
https://leetcode.com/problems/search-in-rotated-sorted-array-ii/
https://leetcode.com/problems/find-minimum-in-rotated-sorted-array/
https://leetcode.com/problems/find-minimum-in-rotated-sorted-array-ii/
https://leetcode.com/problems/search-a-2d-matrix/
https://leetcode.com/problems/search-a-2d-matrix-ii/
https://leetcode.com/problems/sqrtx/
https://leetcode.com/problems/valid-perfect-square/
https://leetcode.com/problems/koko-eating-bananas/
https://leetcode.com/problems/capacity-to-ship-packages-within-d-days/
https://leetcode.com/problems/split-array-largest-sum/
https://leetcode.com/problems/find-the-smallest-divisor-given-a-threshold/
https://leetcode.com/problems/minimum-number-of-days-to-make-m-bouquets/
https://leetcode.com/problems/magnetic-force-between-two-balls/
https://leetcode.com/problems/find-peak-element/","https://www.codechef.com/practice/course/binary-search
https://www.codechef.com/practice-old/topics/data-structures
https://www.codechef.com/learn/course/college-design-analysis-algorithms
https://www.codechef.com/practice/course/binary-search/PJA10/problems/JADEBUG07
https://www.codechef.com/practice/tags/binary-search"
2.6.2 Binary Search Recursive Method,https://www.youtube.com/watch?v=uEUXGcc2VXM,"https://www.hackerrank.com/challenges/tutorial-intro/problem
https://www.hackerrank.com/challenges/icecream-parlor/problem
https://www.hackerrank.com/challenges/triple-sum/problem","https://leetcode.com/problems/binary-search/
https://leetcode.com/problems/search-insert-position/
https://leetcode.com/problems/guess-number-higher-or-lower/
https://leetcode.com/problems/first-bad-version/
https://leetcode.com/problems/search-a-2d-matrix/
https://leetcode.com/problems/find-first-and-last-position-of-element-in-sorted-array/
https://leetcode.com/problems/search-in-rotated-sorted-array/
https://leetcode.com/problems/find-minimum-in-rotated-sorted-array/
https://leetcode.com/problems/sqrtx/
https://leetcode.com/problems/koko-eating-bananas/
https://leetcode.com/problems/find-peak-element/","https://www.codechef.com/practice/course/binary-search
https://www.codechef.com/learn/course/college-design-analysis-algorithms
https://www.codechef.com/practice/tags/binary-search"
2.6.3 Heap - Heap Sort - Heapify - Priority Queues,https://www.youtube.com/watch?v=HqPJF2L5h9U,"https://www.hackerrank.com/challenges/qheap1/problem
https://www.hackerrank.com/challenges/jesse-and-cookies/problem
https://www.hackerrank.com/challenges/find-the-running-median/problem
https://www.hackerrank.com/challenges/merge-two-sorted-arrays/problem
https://www.hackerrank.com/challenges/kth-largest-element/problem","https://leetcode.com/problems/kth-largest-element-in-an-array/
https://leetcode.com/problems/kth-smallest-element-in-a-sorted-matrix/
https://leetcode.com/problems/top-k-frequent-elements/
https://leetcode.com/problems/top-k-frequent-words/
https://leetcode.com/problems/k-closest-points-to-origin/
https://leetcode.com/problems/find-k-pairs-with-smallest-sums/
https://leetcode.com/problems/find-median-from-data-stream/
https://leetcode.com/problems/merge-k-sorted-lists/
https://leetcode.com/problems/last-stone-weight/
https://leetcode.com/problems/task-scheduler/
https://leetcode.com/problems/seat-reservation-manager/
https://leetcode.com/problems/ugly-number-ii/
https://leetcode.com/problems/smallest-range-covering-elements-from-k-lists/
https://leetcode.com/problems/ipo/
https://leetcode.com/problems/maximum-performance-of-a-team/
https://leetcode.com/problems/sort-an-array/
https://leetcode.com/problems/sort-characters-by-frequency/
https://leetcode.com/problems/kth-largest-element-in-a-stream/
https://leetcode.com/problems/relative-ranks/","https://www.codechef.com/practice/heaps
https://www.codechef.com/learn/course/priority-queues
https://www.codechef.com/learn/course/heap-sort
https://www.codechef.com/practice/data-structures
https://www.codechef.com/problems/MAGIC"
2.7.1  Two Way MergeSort - Iterative method,https://www.youtube.com/watch?v=6pV2IF0fgKY,"https://www.hackerrank.com/challenges/ctci-merge-sort/problem
https://www.hackerrank.com/challenges/merge-two-sorted-arrays/problem
https://www.hackerrank.com/challenges/runningtime/problem","https://leetcode.com/problems/sort-an-array/
https://leetcode.com/problems/merge-sorted-array/
https://leetcode.com/problems/merge-two-sorted-lists/
https://leetcode.com/problems/merge-k-sorted-lists/
https://leetcode.com/problems/sort-list/
https://leetcode.com/problems/maximum-gap/
https://leetcode.com/problems/count-of-smaller-numbers-after-self/
https://leetcode.com/problems/reverse-pairs/","https://www.codechef.com/learn/course/merge-sort
https://www.codechef.com/learn/course/college-design-analysis-algorithms
https://www.codechef.com/problems/MRGSRT"
2.7.2.  Merge Sort Algorithm,https://www.youtube.com/watch?v=mB5HXBb_HY8,"https://www.hackerrank.com/challenges/ctci-merge-sort/problem
https://www.hackerrank.com/challenges/quicksort2/problem
https://www.hackerrank.com/challenges/runningtime/problem","https://leetcode.com/problems/sort-an-array/
https://leetcode.com/problems/sort-list/
https://leetcode.com/problems/merge-sorted-array/
https://leetcode.com/problems/merge-two-sorted-lists/
https://leetcode.com/problems/merge-k-sorted-lists/
https://leetcode.com/problems/reverse-pairs/
https://leetcode.com/problems/count-of-smaller-numbers-after-self/
https://leetcode.com/problems/count-of-range-sum/
https://leetcode.com/problems/global-and-local-inversions/","https://www.codechef.com/learn/course/merge-sort
https://www.codechef.com/learn/course/college-design-analysis-algorithms
https://www.codechef.com/problems/MRGSRT"
2.7.3 MergeSort in-depth Analysis,https://www.youtube.com/watch?v=ak-pz7tS5DE,"https://www.hackerrank.com/challenges/ctci-merge-sort/problem
https://www.hackerrank.com/challenges/runningtime/problem
https://www.hackerrank.com/challenges/quicksort4/problem","https://leetcode.com/problems/sort-an-array/
https://leetcode.com/problems/sort-list/
https://leetcode.com/problems/reverse-pairs/
https://leetcode.com/problems/count-of-smaller-numbers-after-self/
https://leetcode.com/problems/count-of-range-sum/
https://leetcode.com/problems/global-and-local-inversions/
https://leetcode.com/problems/maximum-gap/","https://www.codechef.com/learn/course/merge-sort
https://www.codechef.com/practice/course/basic-programming-concepts/DIFF500/problems/COMPLEXITY
https://www.codechef.com/problems/MRGSRT"
2.8.1  QuickSort Algorithm,https://www.youtube.com/watch?v=7h1s2SojIRw,"https://www.hackerrank.com/challenges/quicksort1/problem
https://www.hackerrank.com/challenges/quicksort2/problem
https://www.hackerrank.com/challenges/quicksort3/problem
https://www.hackerrank.com/challenges/quicksort4/problem
https://www.hackerrank.com/challenges/quick-sort-2/problem","https://leetcode.com/problems/sort-an-array/
https://leetcode.com/problems/kth-largest-element-in-an-array/
https://leetcode.com/problems/kth-largest-element-in-a-stream/
https://leetcode.com/problems/sort-colors/
https://leetcode.com/problems/wiggle-sort-ii/
https://leetcode.com/problems/top-k-frequent-elements/
https://leetcode.com/problems/sort-list/
https://leetcode.com/problems/largest-number/","https://www.codechef.com/learn/course/quick-sort
https://www.codechef.com/learn/course/college-design-analysis-algorithms
https://www.codechef.com/problems/TSORT"
2.8.2 QuickSort Analysis,https://www.youtube.com/watch?v=-qOVVRIZzao,"https://www.hackerrank.com/challenges/quicksort1/problem
https://www.hackerrank.com/challenges/quicksort2/problem
https://www.hackerrank.com/challenges/quicksort3/problem
https://www.hackerrank.com/challenges/quicksort4/problem
https://www.hackerrank.com/challenges/countingsort1/problem
https://www.hackerrank.com/challenges/quick-sort-2/problem","https://leetcode.com/problems/sort-an-array/
https://leetcode.com/problems/kth-largest-element-in-an-array/
https://leetcode.com/problems/sort-colors/
https://leetcode.com/problems/kth-largest-element-in-a-stream/
https://leetcode.com/problems/wiggle-sort-ii/
https://leetcode.com/problems/top-k-frequent-elements/
https://leetcode.com/problems/maximum-gap/","https://www.codechef.com/learn/course/quick-sort
https://www.codechef.com/practice/course/basic-programming-concepts/DIFF500/problems/COMPLEXITY
https://www.codechef.com/learn/course/college-design-analysis-algorithms
https://www.codechef.com/problems/TSORT"
2.9 Strassens Matrix Multiplication,https://www.youtube.com/watch?v=0oJyNmEbS4w,"https://www.hackerrank.com/challenges/matrix-rotation-algo/problem
https://www.hackerrank.com/challenges/2d-array/problem
https://www.hackerrank.com/challenges/matrix-script/problem","https://leetcode.com/problems/multiply-strings/
https://leetcode.com/problems/spiral-matrix/
https://leetcode.com/problems/spiral-matrix-ii/
https://leetcode.com/problems/rotate-image/
https://leetcode.com/problems/matrix-block-sum/
https://leetcode.com/problems/sparse-matrix-multiplication/
https://leetcode.com/problems/transpose-matrix/
https://leetcode.com/problems/reshape-the-matrix/","https://www.codechef.com/practice/arrays
https://www.codechef.com/learn/course/college-design-analysis-algorithms"
3. Greedy Method -  Introduction,https://www.youtube.com/watch?v=ARvQcqJ_-NY,"https://www.hackerrank.com/challenges/greedy-florist/problem
https://www.hackerrank.com/challenges/minimum-absolute-difference-in-an-array/problem
https://www.hackerrank.com/challenges/luck-balance/problem
https://www.hackerrank.com/challenges/angry-children/problem
https://www.hackerrank.com/challenges/cloudy-day/problem
https://www.hackerrank.com/challenges/priyanka-and-toys/problem
https://www.hackerrank.com/challenges/maximum-perimeter-triangle/problem","https://leetcode.com/problems/assign-cookies/
https://leetcode.com/problems/best-time-to-buy-and-sell-stock-ii/
https://leetcode.com/problems/jump-game/
https://leetcode.com/problems/jump-game-ii/
https://leetcode.com/problems/gas-station/
https://leetcode.com/problems/partition-labels/
https://leetcode.com/problems/non-overlapping-intervals/
https://leetcode.com/problems/minimum-number-of-arrows-to-burst-balloons/
https://leetcode.com/problems/lemonade-change/
https://leetcode.com/problems/queue-reconstruction-by-height/
https://leetcode.com/problems/boats-to-save-people/
https://leetcode.com/problems/candy/
https://leetcode.com/problems/wiggle-subsequence/
https://leetcode.com/problems/remove-k-digits/
https://leetcode.com/problems/maximum-units-on-a-truck/","https://www.codechef.com/learn/course/greedy-algorithms
https://www.codechef.com/practice/greedy-algorithms
https://www.codechef.com/learn/course/college-design-analysis-algorithms"
3.1 Knapsack Problem - Greedy Method,https://www.youtube.com/watch?v=oTTzNMHM05I,"https://www.hackerrank.com/challenges/greedy-florist/problem
https://www.hackerrank.com/challenges/luck-balance/problem
https://www.hackerrank.com/challenges/angry-children/problem
https://www.hackerrank.com/challenges/minimum-absolute-difference-in-an-array/problem","https://leetcode.com/problems/maximum-units-on-a-truck/
https://leetcode.com/problems/bag-of-tokens/
https://leetcode.com/problems/maximum-number-of-events-that-can-be-attended/
https://leetcode.com/problems/two-city-scheduling/
https://leetcode.com/problems/boats-to-save-people/
https://leetcode.com/problems/assign-cookies/
https://leetcode.com/problems/maximum-bags-with-full-capacity-of-rocks/","https://www.codechef.com/learn/course/greedy-algorithms
https://www.codechef.com/practice/greedy-algorithms
https://www.codechef.com/learn/course/college-design-analysis-algorithms
https://www.codechef.com/practice/tags/fractional-knapsack
https://discuss.codechef.com/t/cflos-editorial/80514"
3.2 Job Sequencing with Deadlines - Greedy Method,https://www.youtube.com/watch?v=zPtI8q9gvX8,,"https://leetcode.com/problems/maximum-profit-in-job-scheduling/
https://leetcode.com/problems/course-schedule-iii/",https://www.codechef.com/problems/SHDLE
3.3 Optimal Merge Pattern - Greedy Method,https://www.youtube.com/watch?v=HHIc5JZyenI,https://www.hackerrank.com/challenges/jesse-and-cookies/problem,"https://leetcode.com/problems/minimum-cost-to-connect-sticks/
https://leetcode.com/problems/minimum-cost-to-merge-stones/
https://leetcode.com/problems/minimum-cost-to-merge-sorted-lists/",
3.4 Huffman Coding - Greedy Method,https://www.youtube.com/watch?v=co4_ahEDCho,https://www.hackerrank.com/challenges/one-week-preparation-kit-tree-huffman-decoding/problem,,
3.5 Prims and Kruskals Algorithms - Greedy Method,https://www.youtube.com/watch?v=4ZlRH0eK-qQ,"https://www.hackerrank.com/challenges/primsmstsub/problem
https://www.hackerrank.com/challenges/kruskalmstrsub/problem
https://www.hackerrank.com/challenges/minimum-mst-graph/problem","https://leetcode.com/problems/min-cost-to-connect-all-points/
https://leetcode.com/problems/connecting-cities-with-minimum-cost/",https://www.codechef.com/learn/course/college-design-analysis-algorithms/CPDAA26/problems/DAA140
3.6 Dijkstra Algorithm - Single Source Shortest Path - Greedy Method,https://www.youtube.com/watch?v=XB4MIexjvY0,https://www.hackerrank.com/challenges/dijkstrashortreach/problem,"https://leetcode.com/problems/network-delay-time/
https://leetcode.com/problems/path-with-maximum-probability/
https://leetcode.com/problems/path-with-minimum-effort/
https://leetcode.com/problems/number-of-ways-to-arrive-at-destination/
https://leetcode.com/problems/minimum-time-to-visit-disappearing-nodes/
https://leetcode.com/problems/minimum-obstacle-removal-to-reach-corner/
https://leetcode.com/problems/find-edges-in-shortest-paths/",
4 Principle  of Optimality  - Dynamic Programming introduction,https://www.youtube.com/watch?v=5dRGRueKU3M,"https://www.hackerrank.com/challenges/max-array-sum/problem
https://www.hackerrank.com/challenges/coin-change/problem
https://www.hackerrank.com/challenges/abbreviation/problem","https://leetcode.com/problems/fibonacci-number/
https://leetcode.com/problems/climbing-stairs/
https://leetcode.com/problems/min-cost-climbing-stairs/
https://leetcode.com/problems/house-robber/
https://leetcode.com/problems/coin-change/
https://leetcode.com/problems/unique-paths/
https://leetcode.com/problems/longest-increasing-subsequence/",https://www.codechef.com/problems/MIXTURES
4.1 MultiStage Graph - Dynamic Programming,https://www.youtube.com/watch?v=9iE9Mj4m8jk,,"https://leetcode.com/problems/cheapest-flights-within-k-stops/
https://leetcode.com/problems/find-the-city-with-the-smallest-number-of-neighbors-at-a-threshold-distance/",
4.1.1 MultiStage Graph (Program) - Dynamic Programming,https://www.youtube.com/watch?v=FcScLYJI42E,,"https://leetcode.com/problems/cheapest-flights-within-k-stops/
https://leetcode.com/problems/find-the-city-with-the-smallest-number-of-neighbors-at-a-threshold-distance/",
4.2 All Pairs Shortest Path (Floyd-Warshall) - Dynamic Programming,https://www.youtube.com/watch?v=oNI0rf2P9gE,https://www.hackerrank.com/challenges/floyd-city-of-blinding-lights/problem,"https://leetcode.com/problems/find-the-city-with-the-smallest-number-of-neighbors-at-a-threshold-distance/
https://leetcode.com/problems/course-schedule-iv/
https://leetcode.com/problems/design-graph-with-shortest-path-calculator/","https://www.codechef.com/problems/HOMDEL
https://www.codechef.com/problems/PROFTRIP
https://www.codechef.com/problems/ALLGRAPH"
4.3 Matrix Chain Multiplication - Dynamic Programming,https://www.youtube.com/watch?v=prx1psByp7U,https://www.hackerrank.com/challenges/bricks-game/problem,"https://leetcode.com/problems/burst-balloons/
https://leetcode.com/problems/minimum-cost-to-cut-a-stick/
https://leetcode.com/problems/minimum-score-triangulation-of-polygon/",https://www.codechef.com/problems/MIXTURES
[New] Matrix Chain Multiplication using Dynamic Programming Formula,https://www.youtube.com/watch?v=_WncuhSJZyA,https://www.hackerrank.com/challenges/bricks-game/problem,"https://leetcode.com/problems/burst-balloons/
https://leetcode.com/problems/minimum-cost-to-cut-a-stick/
https://leetcode.com/problems/minimum-score-triangulation-of-polygon/",https://www.codechef.com/problems/MIXTURES
4.3.1 Matrix Chain Multiplication (Program) - Dynamic Programming,https://www.youtube.com/watch?v=eKkXU3uu2zk,https://www.hackerrank.com/challenges/bricks-game/problem,"https://leetcode.com/problems/burst-balloons/
https://leetcode.com/problems/minimum-cost-to-cut-a-stick/
https://leetcode.com/problems/minimum-score-triangulation-of-polygon/",https://www.codechef.com/problems/MIXTURES
4.4 Bellman Ford Algorithm - Single Source Shortest Path - Dynamic Programming,https://www.youtube.com/watch?v=FtN3BYH2Zes,https://www.hackerrank.com/challenges/dijkstrashortreach/problem,"https://leetcode.com/problems/cheapest-flights-within-k-stops/
https://leetcode.com/problems/network-delay-time/",https://www.codechef.com/problems/FARASA
4.5 0/1 Knapsack - Two Methods - Dynamic Programming,https://www.youtube.com/watch?v=nLmhmB6NzcM,"https://www.hackerrank.com/challenges/unbounded-knapsack/problem
https://www.hackerrank.com/challenges/max-array-sum/problem","https://leetcode.com/problems/partition-equal-subset-sum/
https://leetcode.com/problems/ones-and-zeroes/
https://leetcode.com/problems/last-stone-weight-ii/
https://leetcode.com/problems/target-sum/
https://leetcode.com/problems/profitable-schemes/",https://www.codechef.com/problems/KS2
4.5.1 0/1 Knapsack Problem (Program) - Dynamic Programming,https://www.youtube.com/watch?v=zRza99HPvkQ,https://www.hackerrank.com/challenges/unbounded-knapsack/problem,"https://leetcode.com/problems/partition-equal-subset-sum/
https://leetcode.com/problems/ones-and-zeroes/
https://leetcode.com/problems/last-stone-weight-ii/
https://leetcode.com/problems/target-sum/
https://leetcode.com/problems/profitable-schemes/",https://www.codechef.com/problems/KS2
4.6 Optimal Binary Search Tree (Successful Search Only) - Dynamic Programming,https://www.youtube.com/watch?v=vLS-zRCHo-Y,,"https://leetcode.com/problems/unique-binary-search-trees-ii/
https://leetcode.com/problems/unique-binary-search-trees/
https://leetcode.com/problems/minimum-cost-to-merge-stones/",
4.6.2 [New] Optimal Binary Search Tree Successful and Unsuccessful Probability - Dynamic Programming,https://www.youtube.com/watch?v=wAy6nDMPYAE,,"https://leetcode.com/problems/unique-binary-search-trees/
https://leetcode.com/problems/unique-binary-search-trees-ii/
https://leetcode.com/problems/minimum-cost-tree-from-leaf-values/
https://leetcode.com/problems/maximum-sum-bst-in-binary-tree/",
4.7 [New] Traveling Salesman Problem - Dynamic Programming using Formula,https://www.youtube.com/watch?v=Q4zHb-Swzro,https://www.hackerrank.com/challenges/tsp/problem,"https://leetcode.com/problems/shortest-path-visiting-all-nodes/
https://leetcode.com/problems/find-the-shortest-superstring/
https://leetcode.com/problems/min-cost-to-connect-all-points/",https://www.codechef.com/problems/TRAVEL
4.8 Reliability Design - Dynamic Programming,https://www.youtube.com/watch?v=uJOmqBwENB8,"https://www.hackerrank.com/challenges/max-array-sum/problem
https://www.hackerrank.com/challenges/maximize-it/problem
https://www.hackerrank.com/challenges/candies/problem","https://leetcode.com/problems/house-robber/
https://leetcode.com/problems/best-time-to-buy-and-sell-stock-iii/
https://leetcode.com/problems/best-time-to-buy-and-sell-stock-with-cooldown/
https://leetcode.com/problems/integer-break/
https://leetcode.com/problems/partition-equal-subset-sum/
https://leetcode.com/problems/coin-change/
https://leetcode.com/problems/coin-change-ii/",
4.9 Longest Common Subsequence (LCS)  - Recursion and Dynamic Programming,https://www.youtube.com/watch?v=sSno9rV8Rhg,"https://www.hackerrank.com/challenges/common-child/problem
https://www.hackerrank.com/challenges/abbreviation/problem","https://leetcode.com/problems/longest-common-subsequence/
https://leetcode.com/problems/longest-palindromic-subsequence/
https://leetcode.com/problems/delete-operation-for-two-strings/
https://leetcode.com/problems/shortest-common-supersequence/
https://leetcode.com/problems/minimum-ascii-delete-sum-for-two-strings/
https://leetcode.com/problems/distinct-subsequences/
https://leetcode.com/problems/uncrossed-lines/",https://www.codechef.com/problems/LCS
5.1 Graph Traversals - BFS & DFS -Breadth First Search and Depth First Search,https://www.youtube.com/watch?v=pcKY4hjDrxk,"https://www.hackerrank.com/challenges/ctci-bfs-shortest-reach/problem
https://www.hackerrank.com/challenges/dfs-edges/problem
https://www.hackerrank.com/challenges/connected-cell-in-a-grid/problem
https://www.hackerrank.com/challenges/components-in-graph/problem
https://www.hackerrank.com/challenges/bfsshortreach/problem","https://leetcode.com/problems/number-of-islands/
https://leetcode.com/problems/clone-graph/
https://leetcode.com/problems/number-of-provinces/
https://leetcode.com/problems/keys-and-rooms/
https://leetcode.com/problems/flood-fill/
https://leetcode.com/problems/rotting-oranges/
https://leetcode.com/problems/pacific-atlantic-water-flow/
https://leetcode.com/problems/word-ladder/
https://leetcode.com/problems/open-the-lock/
https://leetcode.com/problems/is-graph-bipartite/
https://leetcode.com/problems/surrounded-regions/
https://leetcode.com/problems/shortest-path-in-binary-matrix/
https://leetcode.com/problems/binary-tree-level-order-traversal/",https://www.codechef.com/problems/FARASA
5.2 Articulation Point and Biconnected Components,https://www.youtube.com/watch?v=jFZsDDB0-vo,https://www.hackerrank.com/challenges/find-the-nearest-clone/problem,"https://leetcode.com/problems/critical-connections-in-a-network/
https://leetcode.com/problems/minimum-number-of-days-to-disconnect-island/",
6 Introduction to Backtracking - Brute Force Approach,https://www.youtube.com/watch?v=DKCbsiDBN6c,"https://www.hackerrank.com/challenges/password-cracker/problem
https://www.hackerrank.com/challenges/recursive-digit-sum/problem
https://www.hackerrank.com/challenges/the-power-sum/problem","https://leetcode.com/problems/combination-sum/
https://leetcode.com/problems/permutations/
https://leetcode.com/problems/permutations-ii/
https://leetcode.com/problems/combinations/
https://leetcode.com/problems/subsets/
https://leetcode.com/problems/subsets-ii/
https://leetcode.com/problems/letter-combinations-of-a-phone-number/
https://leetcode.com/problems/combination-sum-ii/",https://www.codechef.com/problems/CANDY123
6.1 N Queens Problem using Backtracking,https://www.youtube.com/watch?v=xFv_Hl4B83A,,"https://leetcode.com/problems/n-queens/
https://leetcode.com/problems/n-queens-ii/",https://www.codechef.com/problems/NQUEENS
6.2 Sum Of Subsets Problem - Backtracking,https://www.youtube.com/watch?v=kyLxTdsT8ws,https://www.hackerrank.com/challenges/the-power-sum/problem,"https://leetcode.com/problems/combination-sum/
https://leetcode.com/problems/combination-sum-ii/
https://leetcode.com/problems/subsets/
https://leetcode.com/problems/subsets-ii/
https://leetcode.com/problems/combination-sum-iii/
https://leetcode.com/problems/target-sum/
https://leetcode.com/problems/partition-to-k-equal-sum-subsets/",https://www.codechef.com/problems/SUBSET
6.3 Graph Coloring Problem - Backtracking,https://www.youtube.com/watch?v=052VkKhIaQ4,https://www.hackerrank.com/challenges/the-great-xor/problem,"https://leetcode.com/problems/is-graph-bipartite/
https://leetcode.com/problems/possible-bipartition/
https://leetcode.com/problems/flower-planting-with-no-adjacent/
https://leetcode.com/problems/strange-printer-ii/",
6.4 Hamiltonian Cycle - Backtracking,https://www.youtube.com/watch?v=dQr4wZCiJJ4,https://www.hackerrank.com/challenges/bomber-man/problem,"https://leetcode.com/problems/unique-paths-iii/
https://leetcode.com/problems/shortest-path-visiting-all-nodes/
https://leetcode.com/problems/path-with-maximum-gold/
https://leetcode.com/problems/all-paths-from-source-to-target/",
7 Branch and Bound Introduction,https://www.youtube.com/watch?v=3RBNPc0_Q6g,https://www.hackerrank.com/challenges/password-cracker/problem,"https://leetcode.com/problems/partition-to-k-equal-sum-subsets/
https://leetcode.com/problems/word-search/
https://leetcode.com/problems/n-queens/
https://leetcode.com/problems/sudoku-solver/",
7.1 Job Sequencing with Deadline - Branch and Bound,https://www.youtube.com/watch?v=M7Fl_z7_J2k,https://www.hackerrank.com/challenges/jim-and-the-skyscrapers/problem,"https://leetcode.com/problems/maximum-profit-in-job-scheduling/
https://leetcode.com/problems/course-schedule-iii/",https://www.codechef.com/problems/SHDLE
7.2 0/1 Knapsack using Branch and Bound,https://www.youtube.com/watch?v=yV1d-b_NeK8,https://www.hackerrank.com/challenges/unbounded-knapsack/problem,"https://leetcode.com/problems/partition-equal-subset-sum/
https://leetcode.com/problems/ones-and-zeroes/
https://leetcode.com/problems/last-stone-weight-ii/
https://leetcode.com/problems/target-sum/
https://leetcode.com/problems/profitable-schemes/",https://www.codechef.com/problems/KS2
7.3 Traveling Salesman Problem - Branch and Bound,https://www.youtube.com/watch?v=1FEP_sNb62k,https://www.hackerrank.com/challenges/tsp/problem,"https://leetcode.com/problems/shortest-path-visiting-all-nodes/
https://leetcode.com/problems/find-the-shortest-superstring/
https://leetcode.com/problems/min-cost-to-connect-all-points/",https://www.codechef.com/problems/TRAVEL
8. NP-Hard and NP-Complete Problems,https://www.youtube.com/watch?v=e2cF8a5aAhE,"https://www.hackerrank.com/challenges/clique/problem
https://www.hackerrank.com/challenges/the-power-sum/problem","https://leetcode.com/problems/partition-to-k-equal-sum-subsets/
https://leetcode.com/problems/sudoku-solver/
https://leetcode.com/problems/n-queens/
https://leetcode.com/problems/unique-paths-iii/
https://leetcode.com/problems/n-queens-ii/
https://leetcode.com/problems/smallest-sufficient-team/",
8.1 NP-Hard Graph Problem - Clique Decision Problem,https://www.youtube.com/watch?v=qZs767KQcvE,https://www.hackerrank.com/challenges/clique/problem,"https://leetcode.com/problems/maximal-network-rank/
https://leetcode.com/problems/is-graph-bipartite/",
9.1 Knuth-Morris-Pratt KMP String Matching Algorithm,https://www.youtube.com/watch?v=V5-7GzOfADQ,"https://www.hackerrank.com/challenges/string-similarity/problem
https://www.hackerrank.com/challenges/string-construction/problem
https://www.hackerrank.com/challenges/build-a-string/problem","https://leetcode.com/problems/find-the-index-of-the-first-occurrence-in-a-string/
https://leetcode.com/problems/repeated-substring-pattern/
https://leetcode.com/problems/shortest-palindrome/
https://leetcode.com/problems/longest-happy-prefix/
https://leetcode.com/problems/repeated-string-match/","https://www.codechef.com/problems/TAPALIN
https://www.codechef.com/problems/NHAY"
9.2 Rabin-Karp String Matching Algorithm,https://www.youtube.com/watch?v=qQ8vS2btsxI,"https://www.hackerrank.com/challenges/string-similarity/problem
https://www.hackerrank.com/challenges/string-construction/problem","https://leetcode.com/problems/find-the-index-of-the-first-occurrence-in-a-string/
https://leetcode.com/problems/repeated-dna-sequences/
https://leetcode.com/problems/longest-duplicate-substring/
https://leetcode.com/problems/maximum-length-of-repeated-subarray/
https://leetcode.com/problems/repeated-string-match/
https://leetcode.com/problems/longest-happy-prefix/","https://www.codechef.com/problems/TAPALIN
https://www.codechef.com/problems/TALAZY"
10.1 AVL Tree - Insertion and Rotations,https://www.youtube.com/watch?v=jDM6_TnYIqE,"https://www.hackerrank.com/challenges/self-balancing-tree/problem
https://www.hackerrank.com/challenges/binary-search-tree-insertion/problem","https://leetcode.com/problems/balance-a-binary-search-tree/
https://leetcode.com/problems/insert-into-a-binary-search-tree/
https://leetcode.com/problems/delete-node-in-a-bst/
https://leetcode.com/problems/validate-binary-search-tree/
https://leetcode.com/problems/convert-sorted-array-to-binary-search-tree/",https://www.codechef.com/problems/BSTOPS
10.2  B Trees and B+ Trees. How they are useful in Databases,https://www.youtube.com/watch?v=aZjYr87r1b8,https://www.hackerrank.com/challenges/balanced-brackets/problem,"https://leetcode.com/problems/design-hashmap/
https://leetcode.com/problems/design-hashset/
https://leetcode.com/problems/lru-cache/",
Asymptotic Notations - Simplified,https://www.youtube.com/watch?v=ddsP7NecEBk,"https://www.hackerrank.com/challenges/runningtime/problem
https://www.hackerrank.com/challenges/quicksort1/problem","https://leetcode.com/problems/maximum-subarray/
https://leetcode.com/problems/binary-search/
https://leetcode.com/problems/sort-an-array/",
Hashing Technique - Simplified,https://www.youtube.com/watch?v=mFY0J5W8Udk,"https://www.hackerrank.com/challenges/ctci-ransom-note/problem
https://www.hackerrank.com/challenges/two-strings/problem
https://www.hackerrank.com/challenges/icecream-parlor/problem
https://www.hackerrank.com/challenges/count-triplets-1/problem","https://leetcode.com/problems/two-sum/
https://leetcode.com/problems/contains-duplicate/
https://leetcode.com/problems/valid-anagram/
https://leetcode.com/problems/group-anagrams/
https://leetcode.com/problems/intersection-of-two-arrays/
https://leetcode.com/problems/design-hashmap/
https://leetcode.com/problems/design-hashset/",https://www.codechef.com/problems/CHEFSTR1
Shortest Path Algorithms (Dijkstra and Bellman-Ford)  - Simplified,https://www.youtube.com/watch?v=2raV0H9KqY8,"https://www.hackerrank.com/challenges/dijkstrashortreach/problem
https://www.hackerrank.com/challenges/floyd-city-of-blinding-lights/problem","https://leetcode.com/problems/network-delay-time/
https://leetcode.com/problems/path-with-minimum-effort/
https://leetcode.com/problems/cheapest-flights-within-k-stops/
https://leetcode.com/problems/find-the-city-with-the-smallest-number-of-neighbors-at-a-threshold-distance/",https://www.codechef.com/problems/SHORTESTPATH
BFS DFS - Simplified,https://www.youtube.com/watch?v=kyUpc_5705s,"https://www.hackerrank.com/challenges/bfsshortreach/problem
https://www.hackerrank.com/challenges/connected-cell-in-a-grid/problem
https://www.hackerrank.com/challenges/dfs-edges/problem","https://leetcode.com/problems/binary-tree-level-order-traversal/
https://leetcode.com/problems/number-of-islands/
https://leetcode.com/problems/clone-graph/
https://leetcode.com/problems/flood-fill/
https://leetcode.com/problems/rotting-oranges/
https://leetcode.com/problems/course-schedule/
https://leetcode.com/problems/find-if-path-exists-in-graph/",https://www.codechef.com/problems/GRAPHTRAV
Tower of Hanoi Problem - Made Easy,https://www.youtube.com/watch?v=q6RicK1FCUs,https://www.hackerrank.com/challenges/gena/problem,,
Row-Major and Column-Major Mapping,https://www.youtube.com/watch?v=MJZd6uPi88E,https://www.hackerrank.com/challenges/2d-array/problem,"https://leetcode.com/problems/spiral-matrix/
https://leetcode.com/problems/set-matrix-zeroes/
https://leetcode.com/problems/transpose-matrix/
https://leetcode.com/problems/reshape-the-matrix/",
Merge Sort Algorithm - Hindi,https://www.youtube.com/watch?v=zXhWPrMLXGo,"https://www.hackerrank.com/challenges/ctci-merge-sort/problem
https://www.hackerrank.com/challenges/merge-sort/problem","https://leetcode.com/problems/sort-an-array/
https://leetcode.com/problems/merge-sorted-array/
https://leetcode.com/problems/sort-list/
https://leetcode.com/problems/count-of-smaller-numbers-after-self/
https://leetcode.com/problems/reverse-pairs/",https://www.codechef.com/problems/MRGSRT
Bresenham's Line Drawing Algorithm,https://www.youtube.com/watch?v=RGB-wlatStc,,,
DDA Line Drawing Algorithm - Computer Graphics,https://www.youtube.com/watch?v=W5P8GlaEOSI,,,
6. Everything about Variables in JAVA,https://www.youtube.com/watch?v=h1Sq8p2GL2g,"https://www.hackerrank.com/challenges/java-stdin-and-stdout-1/problem
https://www.hackerrank.com/challenges/java-datatypes/problem
https://www.hackerrank.com/challenges/java-int-to-string/problem","https://leetcode.com/problems/add-two-integers/
https://leetcode.com/problems/fibonacci-number/
https://leetcode.com/problems/reverse-integer/
https://leetcode.com/problems/palindrome-number/","https://www.codechef.com/problems/FLOW001
https://www.codechef.com/problems/FLOW002"
5. Everything about JAVA Data Types,https://www.youtube.com/watch?v=MuALK4KcNMc,"https://www.hackerrank.com/challenges/java-datatypes/problem
https://www.hackerrank.com/challenges/java-int-to-string/problem
https://www.hackerrank.com/challenges/java-currency-formatter/problem","https://leetcode.com/problems/reverse-integer/
https://leetcode.com/problems/palindrome-number/
https://leetcode.com/problems/add-binary/
https://leetcode.com/problems/convert-a-number-to-hexadecimal/","https://www.codechef.com/problems/FLOW001
https://www.codechef.com/problems/FLOW002"
4. Why public static void main(String args[ ]) ? JAVA,https://www.youtube.com/watch?v=On9mzziI2pU,"https://www.hackerrank.com/challenges/welcome-to-java/problem
https://www.hackerrank.com/challenges/java-stdin-and-stdout-1/problem",,
3. Why to Set Path ? JAVA,https://www.youtube.com/watch?v=OnbpCg96w0I,,,
2. Why and How Java is platform independent,https://www.youtube.com/watch?v=1xz7OxASXUc,"https://www.hackerrank.com/challenges/welcome-to-java/problem
https://www.hackerrank.com/challenges/java-stdin-and-stdout-1/problem",,
1. Why One should Learn Java - Introduction to Java,https://www.youtube.com/watch?v=-JYLuv7mmxM,"https://www.hackerrank.com/challenges/welcome-to-java/problem
https://www.hackerrank.com/challenges/java-stdin-and-stdout-1/problem
https://www.hackerrank.com/challenges/java-output-formatting/problem",,https://www.codechef.com/problems/FLOW001
4.7 Traveling Salesperson Problem - Dynamic Programming,https://www.youtube.com/watch?v=XaXsJJh-Q5Y,,"https://leetcode.com/problems/shortest-path-visiting-all-nodes/
https://leetcode.com/problems/find-the-shortest-superstring/",